File;Problema riscontrato
rapporto_az-agricola-buonacosa-casanova_15-07-2026.pdf;
rapporto_az-agricola-coronella-teresa-e-paolella-francesco_15-07-2026 (2).pdf;
rapporto_az-agricola-crociani-cesare-giuseppe_16-07-2026.pdf;
rapporto_az-agricola-frulli-nadia_14-07-2026 (1).pdf;
rapporto_az-agricola-frulli-nadia_16-07-2026.pdf;
rapporto_az-agricola-ortogarden_20-07-2026 (1).pdf;
rapporto_azienda-agricola-di-vilio_23-07-2026.jpeg;
rapporto_azienda-agricola-la-rondine_23-07-2026.pdf;
rapporto_azienda-agricola-merlini-tiziana_21-07-2026.pdf;
rapporto_azienda-agricola-zootecnica-san-sessioni-futura-fu_23-07-2026.jpeg;
rapporto_cab-terra_28-07-2026.pdf;
rapporto_gruppo-avepo_29-07-2026.pdf;
rapporto_gruppo-avepo-cazzola_29-07-2026.pdf;
rapporto_gruppo-nodari-snc_10-07-2026 (1).pdf;
rapporto_lampitelli-alessandro_23-07-2026.jpeg;
rapporto_lampitelli-alessandro_23-07-2026_1.jpeg;
rapporto_ortogarden_29-07-2026.pdf;
rapporto_pomodoro-campano-soc-coop-garofalo-nicola_13-07-2026 (1).pdf;
rapporto_popreca-s-n-c_14-07-2026_0599.pdf;
rapporto_società-agricola-la-rondine_14-07-2026.pdf;
rapporto_società-agricola-la-rondine_27-07-2026 (1).pdf;
rapporto_società-agricola-la-rondine_27-07-2026 (1_260727_154214.pdf;
rapporto_società-agricola-san-raffaele-sergio-manna_15-07-2026.pdf;
rapporto_vivai-mazzoni_28-07-2026.pdf;
